ESCO Job Title,Green Demand
footwear factory warehouse operator,1
canvas goods assembler,1
leather goods warehouse operator,1
photography teacher,1
chromatographer,1
fisheries observer,1
social security inspector,1
fishing software maker,1
wind musical instrument maker,1
"import export specialist in computers, peripheral equipment and software",1
"wholesale merchant in furniture, carpets and lighting equipment",1
import export specialist in waste and scrap,1
import export specialist in metals and metal ores,1
stone engraver,1
delicatessen specialised seller,1
medium,1
"computer games, multimedia and software specialised seller",1
tool grinder,1
dairy products maker,1
stamping press operator,1
"wholesale merchant in agricultural raw materials, seeds and animal feeds",1
leather finishing operator,1
metallurgist,1
intelligent lighting engineer,1
court clerk,1
lottery operator,1
hawker,1
passport officer,1
milk heat treatment process operator,1
paper pulp moulding operator,1
animal behaviourist,1
textile industry machinery distribution manager,1
fish canning operator,1
hop farmer,1
wholesale merchant in waste and scrap,1
taxidermist,1
nanoengineer,1
art model,1
colour sampling operator,1
resilient floor layer,1
glass annealer,1
wholesale merchant in fruit and vegetables,1
canning and bottling line operator,1
stagehand,1
mixed farmer,1
tiling supervisor,1
footwear assembly supervisor,1
jewellery engraver,1
clothing CAD patternmaker,1
aquaculture hatchery technician,1
entertainment journalist,1
electromechanical drafter,1
stage manager,1
V-belt builder,1
industrial mobile devices software developer,1
engineered wood board grader,1
coastguard watch officer,1
craft shop manager,1
thread rolling machine operator,1
outdoor animator,1
vineyard supervisor,1
foundry operative,1
street warden,1
gerontology social worker,1
social worker,1
terrazzo setter supervisor,1
shotfirer,1
furniture upholsterer,1
sewing machine operator,1
religious studies lecturer,1
engineered wood board machine operator,1
optoelectronic engineering technician,1
import export specialist in dairy products and edible oils,1
deep-sea fishery worker,1
vessel steering instructor,1
decksman,1
wine sommelier,1
terrazzo setter,1
Steiner school teacher,1
residential home young people care worker,1
textile machine operator,1
driving instructor,1
sport administrator,1
early years special educational needs teacher,1
podiatry assistant,1
drop forging hammer worker,1
imagesetter,1
fisheries master,1
filigree maker,1
tyre vulcaniser,1
tanning consultant,1
jewellery designer,1
pulp technician,1
wearing apparel patternmaker,1
slaughterer,1
audio and video equipment shop manager,1
septic tank servicer,1
microelectronics designer,1
hospital porter,1
farm milk controller,1
blockchain developer,1
lottery manager,1
man-made fiber spinner,1
homelessness worker,1
spinning machine operator,1
futures trader,1
bicycle shop manager,1
fundraising assistant,1
chaplain,1
forest ranger,1
material stress analyst,1
dentistry lecturer,1
photographic equipment assembler,1
choreographer,1
embroidery machine operator,1
minister of religion,1
art restorer,1
lithographer,1
print folding operator,1
commercial pilot,1
hairdresser,1
patent engineer,1
post-production supervisor,1
paperhanger,1
vermouth manufacturer,1
aquaculture recirculation manager,1
level crossing signalperson,1
clothing finisher,1
confectioner,1
clothing operations manager,1
hydraulic forging press worker,1
"import export specialist in hardware, plumbing and heating equipment",1
metal drawing machine operator,1
toxicologist,1
3D animator,1
"import export manager in machinery, industrial equipment, ships and aircraft",1
vending machine operator,1
cigar inspector,1
religious education teacher at secondary school,1
candy machine operator,1
medical device assembler,1
aviation meteorologist,1
record press operator,1
blow moulding machine operator,1
wood fuel pelletiser,1
election observer,1
ticket issuing clerk,1
prosthetic-orthotics technician,1
court administrator,1
footwear product developer,1
snow-clearing worker,1
life coach,1
school bus attendant,1
usher,1
live animals distribution manager,1
media integration operator,1
screen making technician,1
education studies lecturer,1
footwear quality control laboratory technician,1
"wholesale merchant in coffee, tea, cocoa and spices",1
gambling games designer,1
marine painter,1
tanning technician,1
import export specialist in textile industry machinery,1
wholesale merchant in office furniture,1
stop-motion animator,1
import export specialist in electrical household appliances,1
securities broker,1
textile sourcing merchandiser,1
paper stationery machine operator,1
shipbroker,1
tower crane operator,1
laser marking machine operator,1
helmsman,1
plastic furniture machine operator,1
automated optical inspection operator,1
audio and video equipment specialised seller,1
central bank governor,1
animal hydrotherapist,1
armoured car driver,1
literary scholar,1
electronic musical instrument maker,1
boring machine operator,1
upholsterer,1
pharmacy lecturer,1
matrose,1
drapery and carpet cleaner,1
co-pilot,1
flower and garden specialised seller,1
social security administrator,1
post office counter clerk,1
photojournalist,1
railway car upholsterer,1
tobacco products distribution manager,1
leather measuring operator,1
wicker furniture maker,1
import export specialist in textiles and textile semi-finished raw materials,1
dismantling engineer,1
leather goods CAD patternmaker,1
"fish, crustaceans and molluscs distribution manager",1
kinesiologist,1
roofer,1
mattress making machine operator,1
metal additive manufacturing operator,1
spark erosion machine operator,1
nanny,1
fortune teller,1
jewellery and watches specialised seller,1
proofreader,1
microelectronics engineering technician,1
colour sampling technician,1
digital literacy teacher,1
motorcycle delivery person,1
secretary of state,1
leather goods quality control laboratory technician,1
animal trainer,1
singer,1
orthopaedic supply shop manager,1
bookshop specialised seller,1
picture archiving and communication systems administrator,1
theatre technician,1
import export specialist in flowers and plants,1
V-belt coverer,1
museum scientist,1
diplomat,1
postman/postwoman,1
microelectronics engineer,1
contact tracing agent,1
tile fitter,1
photography shop manager,1
homeopath,1
ombudsman,1
zookeeper,1
fruit and vegetables specialised seller,1
dairy products manufacturing worker,1
confectionery shop manager,1
audio describer,1
miller,1
compression moulding machine operator,1
"import export manager in agricultural raw materials, seeds and animal feeds",1
wooden furniture machine operator,1
rental service representative in cars and light motor vehicles,1
wholesale merchant in beverages,1
social care worker,1
gaming inspector,1
child care social worker,1
actor/actress,1
car driving instructor,1
private detective,2
dividend analyst,2
motor vehicle engine assembler,2
juvenile correctional officer,2
verger,2
"wholesale merchant in mining, construction and civil engineering machinery",2
protective clothing apparel manufacturer,2
foreign language correspondence clerk,2
boxing instructor,2
insurance rating analyst,2
import export manager in machine tools,2
leather finishing operations manager,2
blacksmith,2
textile designer,2
assistant stage director,2
animal embryo transfer technician,2
mineral crushing operator,2
residential childcare worker,2
graphologist,2
press and stationery shop manager,2
textile machinery technician,2
occupational railway instructor,2
made-up textile articles manufacturer,2
casting director,2
animal welfare inspector,2
battery assembler,2
ceiling installer,2
artistic director,2
bricklayer,2
textile quality technician,2
land-based machinery technician,2
insurance broker,2
chiropractor,2
import export specialist in meat and products,2
kiln firer,2
spot welder,2
variety artist,2
casino gaming manager,2
laser cutting machine operator,2
criminal justice social worker,2
fossil-fuel power plant operator,2
hair removal technician,2
family planning counsellor,2
bicycle mechanic,2
mutual fund broker,2
securities underwriter,2
fiberglass laminator,2
wood sander,2
press and stationery specialised seller,2
"textile, leather and footwear researcher",2
sewerage cleaner,2
lathe and turning machine operator,2
music instructor,2
lasting machine operator,2
skipper,2
roustabout,2
mobile phone repair technician,2
venue programmer,2
clothing technologist,2
textile process controller,2
assessor of prior learning,2
wood drying kiln operator,2
fruit and vegetable preserver,2
vessel engine assembler,2
metal annealer,2
bus driving instructor,2
modern languages teacher secondary school,2
substance misuse worker,2
vehicle glazier,2
pulp control operator,2
magazine editor,2
rail layer,2
dental instrument assembler,2
catcher,2
youth offending team worker,2
laundry ironer,2
textile quality inspector,2
tobacco specialised seller,2
riveter,2
soap maker,2
physical education vocational teacher,2
pile driving hammer operator,2
botanist,2
mine ventilation engineer,2
stevedore,2
specialised veterinarian,2
soap tower operator,2
"rental service representative in other machinery, equipment and tangible goods",2
adult literacy teacher,2
scopist,2
tram driver,2
enameller,2
babysitter,2
standalone public buyer,2
arboriculturist,2
forestry machinery technician,2
import export specialist in office furniture,2
fight director,2
cabin crew instructor,2
road sign installer,2
wholesale merchant in wood and construction materials,2
coroner,2
technical sales representative in the textile machinery industry,2
forwarding manager,2
sole and heel operator,2
sensory scientist,2
osteopath,2
ceramicist,2
fact checker,2
book restorer,2
pesticides sprayer,2
"textiles, textile semi-finished and raw materials distribution manager",2
jewellery and watches shop manager,2
insurance clerk,2
rustproofer,2
fine arts instructor,2
special educational needs teacher secondary school,2
pill maker operator,2
membranophone musical instruments maker,2
fruit and vegetable picker,2
columnist,2
winding machine operator,2
food and beverage packaging technologist,2
game keeper,2
pet and food shop manager,2
rolling stock assembly inspector,2
rolling stock engine inspector,2
wholesale merchant in machine tools,2
underground miner,2
consul,2
foundry moulder,2
dairy processing technician,2
silversmith,2
jewellery assembler,2
solderer,2
textile colourist,2
grinding machine operator,2
footwear maintenance technician,2
illustrator,2
green coffee buyer,2
projectionist,2
import export specialist in beverages,2
import export specialist in chemical products,2
mine geologist,2
ground rigger,2
woodcarver,2
locker room attendant,2
leather goods packing operator,2
milliner,3
fisheries boatmaster,3
legislative drafter,3
debarker operator,3
interpretation agency manager,3
meteorology technician,3
computer and accessories specialised seller,3
"import export manager in hardware, plumbing and heating equipment supplies",3
metal furnace operator,3
door installer,3
assistant clinical psychologist,3
footwear designer,3
property appraiser,3
ornamental metal worker,3
aesthetician,3
mouldmaker,3
door to seller,3
acupuncturist,3
plasma cutting machine operator,3
blogger,3
thanatology researcher,3
ship steward/ship stewardess,3
import export specialist in perfume and cosmetics,3
fruit production team leader,3
costume attendant,3
movie distributor,3
automated fly bar operator,3
employment agent,3
digital games developer,3
"import export specialist in furniture, carpets and lighting equipment",3
gravure press operator,3
weaving machine supervisor,3
vehicle electronics installer,3
mechatronics assembler,3
recreational therapist,3
road marker,3
cylinder filler,3
sensor engineering technician,3
vehicle rental agent,3
e-learning developer,3
child welfare worker,3
clothing development manager,3
metal sawing machine operator,3
fruit and vegetables shop manager,3
ICT integration tester,3
special educational needs head teacher,3
fitter and turner,3
footwear production supervisor,3
food biotechnologist,3
boatswain,3
credit adviser,3
computer software and multimedia shop manager,3
animation layout artist,3
abrasive blasting operator,3
fire safety tester,3
land-based machinery supervisor,3
animal feed operator,3
editor-in-chief,3
stock broker,3
chipper operator,3
3D modeller,3
audiology technician,3
medical laboratory technology vocational teacher,3
import export specialist in office machinery and equipment,3
container crane operator,3
Montessori school teacher,3
sound designer,3
mine surveying technician,3
manufactured wooden building assembler,3
sewerage maintenance technician,3
brew house operator,3
surgical instrument maker,3
aquatic animal health professional,3
prepared meat operator,3
optomechanical engineer,3
personal trust officer,3
veterinary nurse,3
contact centre manager,3
sound mastering engineer,3
travel and tourism vocational teacher,3
drama teacher,3
optical technician,3
bathroom fitter,3
audiology equipment shop manager,3
boilermaker,3
weaving textile technician,3
legal guardian,3
paper cutter operator,3
surface mine plant operator,3
glass installation supervisor,3
dry press operator,3
"sugar, chocolate and sugar confectionery distribution manager",3
specialised antique dealer,3
critic,3
brazier,3
optoelectronic engineer,3
mining equipment mechanic,3
modern languages lecturer,3
photographic developer,3
public speaking coach,3
make-up artist,3
animal artificial insemination technician,3
agricultural machinery technician,3
sewer construction worker,3
exhibition registrar,3
truck driving instructor,3
ICT auditor manager,3
leather goods quality manager,3
furniture specialised seller,3
aircraft groomer,3
aquaculture harvesting technician,3
adult community care worker,3
recording studio technician,3
residential home older adult care worker,3
plate glass installer,3
biophysicist,3
orthoptist,3
drawing artist,3
personal shopper,3
library manager,3
auxiliary nursing and midwifery vocational teacher,3
ethical hacker,3
nuclear medicine radiographer,3
wood painter,3
brewmaster,3
sugar refinery operator,3
chiropractic assistant,3
import export manager in metals and metal ores,3
digester operator,3
semiconductor processor,3
philosophy lecturer,3
surface-mount technology machine operator,3
automated cutting machine operator,3
weaver,3
firework assembler,3
electron beam welder,4
complementary therapist,4
wood products assembler,4
warehouse operators for clothing,4
beauty vocational teacher,4
weights and measures inspector,4
fish cook,4
tax clerk,4
fruit and vegetables distribution manager,4
dredge operator,4
clothing fashion designer,4
animal facility manager,4
securities trader,4
eyewear and optical equipment shop manager,4
import export manager in chemical products,4
disability support worker,4
"import export specialist in machinery, industrial equipment, ships and aircraft",4
furniture finisher,4
derrickhand,4
floor and wall coverings shop manager,4
chief conductor,4
e-learning architect,4
motor vehicle engine tester,4
child day care centre manager,4
decorative painter,4
printed circuit board designer,4
literature teacher at secondary school,4
import export specialist in pharmaceutical goods,4
chimney sweep supervisor,4
import export specialist in agricultural machinery and equipment,4
conceptual artist,4
viticulture adviser,4
sociologist,4
community artist,4
stone polisher,4
zoo curator,4
import export specialist in electronic and telecommunications equipment,4
set designer,4
froth flotation deinking operator,4
parking valet,4
hospitality vocational teacher,4
front line medical receptionist,4
dryer attendant,4
aquaculture rearing technician,4
investment clerk,4
wholesale merchant in agricultural machinery and equipment,4
tourist information officer,4
specialist dentist,4
clothing specialised seller,4
doorman/doorwoman,4
non-vessel operating common carrier,4
scenery technician,4
footwear product development manager,4
ticket sales agent,4
music teacher,4
briquetting machine operator,4
"hides, skins and leather products distribution manager",4
"wholesale merchant in hardware, plumbing and heating equipment supplies",4
fish production operator,4
bricklaying supervisor,4
delicatessen shop manager,4
homologation engineer,4
printed circuit board test technician,4
edge bander operator,4
primary school teaching assistant,4
deburring machine operator,4
guide dog instructor,4
mental health social worker,4
live chat operator,4
pension scheme manager,4
pesticide mixer,4
motor vehicle assembler,4
oxy fuel burning machine operator,4
broadcast news editor,4
aircraft assembly supervisor,4
dairy products and edible oils distribution manager,4
recycling worker,4
auditing clerk,4
optical instrument production supervisor,4
concrete products machine operator,4
tunnel kiln operator,4
cultural archive manager,4
special effects artist,4
tyre builder,4
clothing and footwear distribution manager,4
ordinary seaman,4
investment fund manager,4
foreign exchange broker,4
nitroglycerin neutraliser,4
bed and breakfast operator,4
aerospace engineering drafter,4
rail intermodal equipment operator,4
prosecutor,4
astronomer,4
gauger,5
political journalist,5
secondary school teaching assistant,5
wholesale merchant in chemical products,5
chemical mixer,5
"import export specialist in coffee, tea, cocoa and spices",5
starch extraction operator,5
aircraft engine assembler,5
"wholesale merchant in machinery, industrial equipment, ships and aircraft",5
import export manager in electronic and telecommunications equipment parts,5
rental manager,5
electrical household appliances distribution manager,5
casino pit boss,5
leather goods product development manager,5
paper bag machine operator,5
crisis helpline operator,5
cosmetic chemist,5
pasta maker,5
title closer,5
drafter,5
starch converting operator,5
furniture restorer,5
gas station operator,5
gaming dealer,5
traditional chinese medicine therapist,5
auctioneer,5
pharmacologist,5
mine rescue officer,5
photonics engineer,5
social pedagogue,5
community social worker,5
marine mechatronics technician,5
sporting accessories specialised seller,5
block machine operator,5
waiting list coordinator,5
stock trader,5
clinical social worker,5
wholesale merchant in metals and metal ores,5
ICT documentation manager,5
heat sealing machine operator,5
trolley bus driver,5
geothermal power plant operator,5
train driver,5
cosmetics and perfume specialised seller,5
animal feed nutritionist,5
medical transcriptionist,5
consultant social worker,5
meteorologist,5
heat treatment furnace operator,5
hydroelectric plant operator,5
automotive battery technician,5
fisheries refrigeration engineer,5
wholesale merchant,5
real estate investor,5
picture editor,5
bulk filler,5
mining assistant,5
glass forming machine operator,5
ergonomist,5
computer hardware test technician,5
import export manager in office machinery and equipment,5
educational psychologist,5
script writer,5
automated cable vehicle controller,5
mine surveyor,5
park guide,5
house builder,5
electroplating machine operator,5
mineralogist,5
forester,5
offset printer,5
palliative care social worker,5
visual arts teacher,5
quarry engineer,5
smart home engineer,5
swimming teacher,5
rental service representative in trucks,5
supreme court judge,5
tool and die maker,5
street food vendor,5
dairy processing operator,6
paper mill supervisor,6
private pilot,6
horse trainer,6
armoured car guard,6
demographer,6
sport therapist,6
clinical coder,6
wood pallet maker,6
mountain guide,6
antique shop manager,6
orthopaedic supplies specialised seller,6
orthopaedic footwear technician,6
bee breeder,6
rolling stock assembly supervisor,6
drainage worker,6
greaser,6
stage director,6
broadcast technician,6
vessel assembly inspector,6
insulation worker,6
history lecturer,6
beverages distribution manager,6
oil mill operator,6
publishing rights manager,6
green coffee coordinator,6
steam plant operator,6
capsule filling machine operator,6
court enforcement officer,6
carriage driver,6
animal shelter worker,6
extrusion machine operator,6
anthropology lecturer,6
cigar brander,6
computer vision engineer,6
airline transport pilot,6
kitchen unit installer,6
attraction operator,6
idiophone musical instruments maker,6
woodturner,6
history teacher secondary school,6
headteacher,6
quarry manager,6
blending plant operator,6
planer thicknesser operator,6
fish and seafood specialised seller,6
zoo educator,6
drama teacher secondary school,6
cartographer,6
rolling stock engineering drafter,6
gate guard,6
road maintenance worker,6
tourist guide,6
business lecturer,6
biometrician,6
biochemist,6
fisheries deckhand,6
cosmetics and perfume shop manager,6
robotics engineering technician,6
wig and hairpiece maker,6
household goods distribution manager,6
rental service representative in personal and household goods,6
mine control room operator,6
domestic butler,6
"agriculture, forestry and fishery vocational teacher",6
ammunition specialised seller,7
parliamentary assistant,7
eyewear and optical equipment specialised seller,7
digital artist,7
podiatrist,7
audiologist,7
paper engineer,7
import export specialist in household goods,7
biotechnical technician,7
au pair,7
artistic painter,7
online marketer,7
sophrologist,7
sprinkler fitter,7
database designer,7
rescue diver,7
furniture assembler,7
librarian,7
early years teaching assistant,7
nuclear technician,7
aquaculture mooring manager,7
vessel engine tester,7
sorter labourer,7
ICT application developer,7
performance video designer,7
scenic painter,7
sound editor,7
boom operator,7
subtitler,7
mathematician,7
decontamination worker,7
rail maintenance technician,7
liquid waste treatment plant operator,7
electrical power distributor,7
dewatering technician,7
spokesperson,7
paperhanger supervisor,7
waste and scrap distribution manager,7
Freinet school teacher,7
justice of the peace,7
precision engineer,7
pedicurist,7
music director,7
sports instructor,7
veterinary scientist,7
fertiliser mixer,7
punch press operator,7
biochemistry technician,7
archivist,7
assistive technologist,7
countryside officer,7
financial fraud examiner,7
ICT test analyst,7
audiology equipment specialised seller,7
air traffic controller,7
radiation therapist,7
animal care attendant,8
train preparer,8
rubber goods assembler,8
"computers, computer peripheral equipment and software distribution manager",8
chilling operator,8
health psychologist,8
medical physics expert,8
lawyer linguist,8
sexual violence counsellor,8
epidemiologist,8
pultrusion machine operator,8
database integrator,8
filing machine operator,8
medical records clerk,8
book editor,8
producer,8
airspace manager,8
"furniture, carpets and lighting equipment distribution manager",8
botanicals specialist,8
perfume and cosmetics distribution manager,8
family support worker,8
garage manager,8
gas processing plant operator,8
sociology lecturer,8
ATM repair technician,8
"hardware, plumbing and heating equipment supplies distribution manager",8
container equipment assembler,8
digital games designer,8
wood factory manager,8
embedded systems software developer,8
ICT application configurator,8
wire harness assembler,8
train cleaner,8
youth information worker,8
paper machine operator,8
rolling stock inspector,8
journalism lecturer,8
sheet metal worker,8
event assistant,8
shoe and leather accessories shop manager,8
political campaign officer,8
food technologist,8
textile dyeing technician,8
fashion designer,8
vacuum forming machine operator,8
plodder operator,8
autonomous driving specialist,8
door supervisor,8
aquaculture production manager,8
numerical tool and process control programmer,8
director of compliance and information security in gambling,8
textile technologist,8
refining machine operator,9
rolling stock engineer,9
mental health support worker,9
metalworking lathe operator,9
telecommunications engineering technician,9
transport technology vocational teacher,9
civil drafter,9
computer scientist,9
temperature screener,9
behavioural scientist,9
engine minder,9
head sommelier,9
professional athlete,9
factory hand,9
food production planner,9
cutting machine operator,9
watch and clock repairer,9
immigration officer,9
clothing process control technician,9
bakery specialised seller,9
seismologist,9
employee volunteering programme coordinator,9
search engine optimisation expert,9
tailor,9
mine electrical engineer,9
assayer,9
forestry equipment operator,9
physiologist,9
further education principal,9
optometrist,9
anthropologist,9
politics lecturer,9
tax inspector,9
leather goods industrial engineer,9
employment support worker,9
typesetter,9
digital prototyper,9
scrap metal operative,9
interpreter,9
social counsellor,9
advertising media planner,9
halal butcher,9
music arranger,9
credit union manager,9
leather goods maintenance technician,9
dental chairside assistant,9
aircraft assembler,9
bicycle courier,9
teacher of talented and gifted students,9
mining electrician,9
competition policy officer,9
powertrain engineer,9
artisan papermaker,9
membership manager,9
sound operator,9
embassy counsellor,9
foreign exchange trader,9
election agent,9
hospital pharmacist,9
fish preparation operator,9
rail logistics coordinator,10
high rigger,10
malt master,10
food science lecturer,10
curator of horticulture,10
linen room attendant,10
insurance underwriter,10
prison officer,10
fundraising manager,10
fibre machine tender,10
window installer,10
campaign canvasser,10
industrial arts vocational teacher,10
embedded system designer,10
geothermal engineer,10
arts education officer,10
radio producer,10
historian,10
interior landscaper,10
waterway construction labourer,10
biomedical scientist advanced,10
tissue paper perforating and rewinding operator,10
actuarial assistant,10
business journalist,10
civil registrar,10
ground steward/ground stewardess,10
bank manager,10
import export specialist in fruit and vegetables,10
computer numerical control machine operator,10
private chauffeur,10
horticulture worker,10
restoration technician,10
water conservation technician supervisor,10
aquaculture quality supervisor,10
automotive engineering drafter,10
photonics engineering technician,10
pipeline maintenance worker,10
import export manager,10
roofing supervisor,10
stage technician,10
pneumatic engineering technician,10
ship pilot dispatcher,10
financial markets back office administrator,10
drugstore manager,10
motor vehicle parts assembler,10
refuse collector,10
aerospace engineering technician,10
government minister,10
sommelier,10
geographer,10
physiotherapy assistant,10
bookkeeper,10
"coffee, tea, cocoa and spices distribution manager",10
performance lighting director,10
surface grinding machine operator,10
commercial art gallery manager,10
sewing machinist,10
race track operator,10
banking products manager,10
casting machine operator,11
customs and excise officer,11
drone pilot,11
public housing manager,11
demolition supervisor,11
"import export specialist in mining, construction, civil engineering machinery",11
import export specialist,11
business administration vocational teacher,11
crop production worker,11
railway electronic technician,11
social work assistant,11
weather forecaster,11
fragrance chemist,11
investment fund management assistant,11
freight inspector,11
hydrographic surveying technician,11
volunteer mentor,11
securities analyst,11
journalist,11
aircraft dispatcher,11
blockchain architect,11
advertising assistant,11
finishing textile technician,11
loss adjuster,11
clinical psychologist,11
drain technician,11
tool pusher,11
livestock worker,11
mobile devices technician,11
further education teacher,11
academic support officer,11
deck officer,11
car leasing agent,11
network marketer,11
corporate investment banker,11
legal administrative assistant,11
hazardous waste inspector,11
social security officer,11
poultry breeder,11
psychologist,11
metrologist,11
dating service consultant,11
clarifier,11
personal stylist,11
public employment service manager,11
special-interest groups' official,12
software tester,12
speech and language therapist,12
sports coach,12
outdoor activities instructor,12
club host/club hostess,12
control panel assembler,12
communications lecturer,12
street sweeper,12
nursery school head teacher,12
offshore renewable energy technician,12
dip tank operator,12
crane crew supervisor,12
business studies and economics teacher secondary school,12
rental service representative in construction and civil engineering machinery,12
wood and construction materials distribution manager,12
specialist pharmacist,12
economics lecturer,12
engine designer,12
fiscal affairs policy officer,12
residential care home worker,12
law lecturer,12
optical instrument repairer,12
rail construction supervisor,12
tutor,12
exhibition curator,12
mining geotechnical engineer,12
electronics and automation vocational teacher,12
vessel engine inspector,12
nuclear reactor operator,12
fisheries boatman,12
boat rigger,12
aquaculture hatchery manager,12
photographer,12
mine production manager,12
destination manager,12
furniture designer,12
maritime instructor,12
shipwright,12
clock and watchmaker,12
beauty salon manager,13
advertising media buyer,13
aeronautical information specialist,13
sensor engineer,13
media scientist,13
camping ground manager,13
pipeline route manager,13
veterinary receptionist,13
chemical metallurgist,13
phlebotomist,13
physics teacher secondary school,13
telecommunications equipment specialised seller,13
agricultural machinery and equipment distribution manager,13
ground lighting officer,13
domestic energy assessor,13
construction commercial diver,13
drill press operator,13
food production engineer,13
marine fitter,13
tram controller,13
warehouse order picker,13
land-based machinery operator,13
water traffic coordinator,13
performing arts theatre instructor,13
twisting machine operator,13
advertising specialist,13
insurance agency manager,13
fisheries assistant engineer,13
packaging and filling machine operator,13
equine yard manager,13
pharmacy technician,13
design and applied arts vocational teacher,13
helicopter pilot,13
beverages specialised seller,13
ICT capacity planner,13
telecommunications analyst,13
dental practitioner,13
domestic appliances specialised seller,13
rail traffic controller,13
railway passenger service agent,13
asphalt plant operator,13
import export specialist in wood and construction materials,13
performance artist,13
camera operator,13
nursing lecturer,13
chemistry teacher secondary school,13
firefighter instructor,13
3D printing technician,13
optical engineer,14
aviation data communications manager,14
medical records manager,14
EU funds manager,14
tax policy analyst,14
aviation surveillance and code coordination manager,14
secretary general,14
sign maker,14
foreign correspondent,14
dental technician,14
pre-lasting operator,14
digital printer,14
furniture shop manager,14
gambling manager,14
refurbishing technician,14
vocational teacher,14
university teaching assistant,14
biology teacher secondary school,14
audio-visual technician,14
mobile crane operator,14
chemical products distribution manager,14
construction general contractor,14
excavator operator,14
care at home worker,15
industrial robot controller,15
statistical assistant,15
pipeline pump operator,15
pharmacy assistant,15
language school teacher,15
technical sales representative in office machinery and equipment,15
mine development engineer,15
animal feed supervisor,15
archaeologist,15
construction scaffolder,15
aircraft engine inspector,15
remote sensing technician,15
occupational therapy assistant,15
amusement park cleaner,15
building construction worker,15
customer contact centre information clerk,15
sailor,15
precision device inspector,15
clothing shop manager,15
air traffic manager,15
waste broker,15
biologist,15
audio production technician,15
hardware and paint shop manager,15
bank teller,15
sewerage systems manager,15
credit analyst,15
actuarial consultant,15
immigration policy officer,15
product assembly inspector,15
rolling stock engineering technician,15
special educational needs assistant,15
airport baggage handler,16
benefits advice worker,16
fuel station specialised seller,16
plastic rolling machine operator,16
hydropower engineer,16
tour organiser,16
home care aide,16
electronics drafter,16
airport environment officer,16
police officer,16
tourism product manager,16
real estate surveyor,16
advertising manager,16
general practitioner,16
credit risk analyst,16
director of photography,16
rubber technologist,16
medical goods specialised seller,16
electromechanical equipment assembler,16
real estate agent,16
metals and metal ores distribution manager,16
insulation supervisor,16
education welfare officer,16
metallurgical manager,16
electrical equipment assembler,16
aviation communications and frequency coordination manager,16
footwear production technician,16
metal polisher,16
pizzaiolo,16
specialist chiropractor,16
migrant social worker,16
microelectronics smart manufacturing engineer,17
ICT environmental manager,17
music teacher secondary school,17
educational counsellor,17
geography teacher secondary school,17
furniture cleaner,17
immigration adviser,17
education policy officer,17
translation agency manager,17
geochemist,17
psychology lecturer,17
mathematics lecturer,17
secondary school head teacher,17
news anchor,17
emergency response worker,17
intercultural communication consultant,17
fire commissioner,17
light board operator,17
roadside vehicle technician,17
musical instrument technician,17
battery test technician,17
hair stylist,17
brokerage firm director,17
food regulatory advisor,17
bus route supervisor,17
presenter,17
market research interviewer,17
precision mechanics supervisor,17
forestry adviser,17
aeronautical information service officer,17
ICT research consultant,18
ICT business analysis manager,18
"machinery, industrial equipment, ships and aircraft distribution manager",18
raw material reception operator,18
horticulture production team leader,18
model maker,18
sports official,18
digital forensics expert,18
higher education lecturer,18
automotive test driver,18
ICT teacher secondary school,18
licensing manager,18
paint mixer,18
medical administrative assistant,18
automated assembly line operator,18
medical goods shop manager,18
video and motion picture editor,18
education inspector,18
policy manager,18
environmental mining engineer,18
ICT change and configuration manager,18
motor vehicles specialised seller,18
patient transport services driver,18
system configurator,18
community health worker,18
typist,18
irrigation system installer,18
wood technology engineer,18
distribution centre dispatcher,18
electronic equipment assembler,18
venture capitalist,18
sports equipment repair technician,18
first aid instructor,18
theme park technician,18
checkout supervisor,19
intellectual property consultant,19
filament winding operator,19
special educational needs coordinator,19
curriculum administrator,19
business and marketing vocational teacher,19
database developer,19
space science lecturer,19
business valuer,19
bioengineer,19
fish and seafood shop manager,19
aquaculture biologist,19
aircraft gas turbine engine overhaul technician,19
mediator,19
clinical perfusion scientist,19
video and motion picture producer,19
wastewater treatment operator,19
satellite engineer,19
motor vehicle body assembler,19
nitrator operator,19
product grader,19
mine health and safety engineer,19
bakery shop manager,19
sewerage network operative,19
veterinary technician,19
speechwriter,19
carbonation operator,19
"heating, ventilation, air conditioning (and refrigeration) drafter",19
physiotherapist,19
telecommunications equipment maintainer,19
specialised goods distribution manager,19
geotechnician,20
groundwater monitoring technician,20
rail operations manager,20
aerodynamics engineer,20
conservation scientist,20
commodity broker,20
electrolytic cell maker,20
grants administrator,20
youth worker,20
marine electrician,20
integrated circuit design engineer,20
medicine lecturer,20
rehabilitation support worker,20
veterinary medicine lecturer,20
rental service representative in office machinery and equipment,20
flight instructor,20
microelectronics materials engineer,20
kennel supervisor,20
survey enumerator,21
beauty salon attendant,21
zoology technician,21
leisure attendant,21
occupational analyst,21
airport security officer,21
investor relations manager,21
botanical technician,21
textile operations manager,21
customs officer,21
offshore renewable energy plant operator,21
hydrographic surveyor,21
flight test engineer,21
dry house attendant,21
computer shop manager,21
move manager,21
ambassador,21
general veterinarian,21
moulding machine technician,21
business coach,21
political scientist,21
chemical tester,21
pharmaceutical goods distribution manager,21
vessel assembly supervisor,21
criminal investigator,21
medical device engineer,21
financial risk manager,22
housing policy officer,22
mineral processing engineer,22
clinical informatics manager,22
advertising sales agent,22
promotion assistant,22
learning mentor,22
animation director,22
non-destructive testing specialist,22
youth centre manager,22
transport health and safety inspector,22
industrial firefighter,22
rental service representative in water transport equipment,22
flight attendant,22
ICT information and knowledge manager,22
promotions demonstrator,22
domestic appliances shop manager,23
technical sales representative in agricultural machinery and equipment,23
bacteriology technician,23
aircraft engine specialist,23
surface treatment operator,23
lifeguard instructor,23
golf instructor,23
baker,23
technical sales representative in machinery and industrial equipment,23
merchandiser,23
centrifuge operator,23
gas processing plant supervisor,23
aircraft interior technician,23
physics lecturer,23
air separation plant operator,23
granulator machine operator,23
animator,23
plastic and rubber products manufacturing supervisor,23
production plant crane operator,23
ship assistant engineer,23
victim support officer,23
commodity trader,23
asphalt laboratory technician,23
ICT network architect,23
deputy head teacher,24
loan officer,24
anatomical pathology technician,24
front of house manager,24
industrial cook,24
knowledge engineer,24
performance rental technician,24
educational researcher,24
retail entrepreneur,24
water conservation technician,24
technical sales representative in electronic and telecommunications equipment,24
museum director,25
pneumatic systems technician,25
middle office analyst,25
computer hardware engineering technician,25
art teacher secondary school,25
psychotherapist,25
pharmaceutical engineer,25
medical laboratory assistant,25
product development engineering drafter,25
anaesthetic technician,25
ICT system developer,25
rental service representative,25
control panel tester,25
human rights officer,25
railway station manager,25
contact centre supervisor,25
"agricultural raw materials, seeds and animal feeds distribution manager",25
house sitter,25
food service worker,25
flowers and plants distribution manager,25
aquaculture site supervisor,25
mud logger,26
advertising copywriter,26
ICT network technician,26
biogas technician,26
advanced nurse practitioner,26
eBusiness manager,26
debt collector,26
industrial tool design engineer,26
airport maintenance technician,26
translator,26
advanced physiotherapist,26
plastic products assembler,26
cultural facilities manager,26
hydrogeologist,26
diesel engine mechanic,26
industrial pharmacist,26
meter reader,26
dietitian,27
shop assistant,27
food production operator,27
electronic and telecommunications equipment parts distribution manager,27
relocation officer,27
aquaculture environmental analyst,27
investment manager,27
ICT buyer,27
software architect,27
secondary school department head,27
head waiter/head waitress,27
social work researcher,27
data warehouse designer,27
bank treasurer,27
maritime pilot,27
cocktail bartender,27
rigger,28
energy assessor,28
localiser,28
gas transmission system operator,28
concrete finisher,28
ICT research manager,28
"technical sales representative in hardware, plumbing and heating equipment",28
education administrator,28
tourism contract negotiator,28
prepress technician,28
real estate leasing manager,28
dangerous goods driver,28
collection manager,28
aircraft assembly inspector,28
ICT help desk agent,28
midwife,28
corporate banking manager,28
explosives engineer,28
language engineer,28
quick service restaurant crew member,28
data protection officer,29
sewer construction supervisor,29
handyman,29
labour market policy officer,29
insurance claims handler,29
primary school head teacher,29
chief data officer,29
stand-in,29
ICT security technician,29
IT auditor,29
warehouse worker,29
street lighting electrician,29
biology technician,29
calibration technician,29
international forwarding operations coordinator,29
child care coordinator,29
computer-aided design operator,30
dietetic technician,30
prepared meals nutritionist,30
driller,30
bridge construction supervisor,30
meat and products distribution manager,30
motor vehicle aftersales manager,30
radiographer,30
ICT security administrator,30
mobile application developer,30
ICT trainer,30
hydropower technician,30
biomedical scientist,30
steam turbine operator,30
ammunition shop manager,30
ship planner,30
machinery assembly supervisor,30
car and van delivery driver,30
motor vehicle assembly inspector,30
automotive designer,30
airside safety manager,30
rescue centre manager,31
supermarket manager,31
fluid power engineer,31
motor vehicle assembly supervisor,31
bleacher operator,31
marine engineering drafter,31
city councillor,31
beverage filtration technician,31
chemical engineering technician,31
housing support worker,31
road operations manager,31
interior planner,31
publications coordinator,31
packing machinery engineer,31
jewellery polisher,31
paramedic in emergency responses,31
well-digger,31
acoustical engineer,31
university department head,31
store detective,31
political party agent,31
investment adviser,32
cultural policy officer,32
marine surveyor,32
activity leader,32
electrical cable assembler,32
mathematics teacher at secondary school,32
precision mechanic,32
category manager,32
milling machine operator,32
garden labourer,32
steam engineer,32
auction house manager,32
licensing officer,32
dismantling supervisor,32
food analyst,32
physics technician,32
metrology technician,32
incinerator operator,32
early years teacher,32
mineral processing operator,32
travel agency manager,33
insurance product manager,33
biomedical engineer,33
social work supervisor,33
naval architect,33
social services manager,33
user interface designer,33
vehicle maintenance attendant,33
window cleaner,33
aircraft marshaller,33
wastewater treatment technician,33
technical sales representative in mining and construction machinery,33
grill cook,33
surveying technician,33
meat and products shop manager,33
secondary school teacher,33
travel consultant,33
ICT vendor relationship manager,34
database administrator,34
shunter,34
video technician,34
field survey manager,34
performance lighting designer,34
police trainer,34
dean of faculty,34
electricity and energy vocational teacher,34
activism officer,34
railway infrastructure inspector,34
inland water transport general manager,34
cook,34
insurance claims manager,34
boiler operator,34
writer,34
crop production manager,34
cadastral technician,35
building caretaker,35
medical device engineering technician,35
metal production manager,35
special educational needs teacher primary school,35
livestock advisor,35
night auditor,35
oceanographer,35
public funding advisor,35
computer science lecturer,35
military welfare worker,35
container equipment assembly supervisor,35
legal assistant,35
tufting operator,35
tax compliance officer,35
location manager,35
cabin crew manager,35
metallurgical technician,35
occupational therapist,35
building materials specialised seller,36
aerospace engineer,36
agronomic crop production team leader,36
financial planner,36
business economics researcher,36
tourist information centre manager,36
ICT business analyst,36
landscape gardener,36
industrial engineering technician,36
dental hygienist,36
gas scheduling representative,36
call centre manager,36
intelligence officer,37
ICT security manager,37
forklift operator,37
cashier,37
science teacher secondary school,37
data entry supervisor,37
sports programme coordinator,37
crisis situation social worker,37
structural ironworker,37
statistician,37
road transport maintenance scheduler,37
road construction worker,37
respiratory therapy technician,37
ICT disaster recovery analyst,37
physical education teacher secondary school,37
covid tester,37
component engineer,38
editorial assistant,38
resource manager,38
gear machinist,38
recreation policy officer,38
corporate treasurer,38
marine cargo inspector,38
machinery assembly coordinator,38
digital media designer,39
data quality specialist,39
industrial machinery assembler,39
property assistant,39
power tool repair technician,39
broadcasting programme director,39
concrete pump operator,39
personal trainer,39
cultural visitor services manager,39
baggage flow supervisor,39
civil service administrative officer,39
financial trader,39
solid waste operator,39
web developer,39
diagnostic radiographer,39
financial broker,39
doctors' surgery assistant,39
food service vocational teacher,39
games development manager,40
airport chief executive,40
community development social worker,40
gas processing plant control room operator,40
material testing technician,40
agricultural equipment design engineer,40
private chef,40
scanning operator,40
forecast manager,40
metal product quality control inspector,40
outdoor activities coordinator,41
primary school teacher,41
mergers and acquisitions analyst,41
nature conservation officer,41
structural ironwork supervisor,41
office clerk,41
lawyer,41
amusement and recreation attendant,41
web content manager,41
healthcare inspector,41
technical sales representative in chemical products,41
department store manager,41
learning support teacher,42
immunologist,42
agricultural inspector,42
pharmacist,42
flower and garden shop manager,42
beverages shop manager,42
electrical drafter,42
electricity sales representative,42
letting agent,42
back office specialist,42
healthcare assistant,42
performance lighting technician,42
social entrepreneur,43
chief information officer,43
ICT intelligent systems designer,43
radio technician,43
electrical transmission system operator,43
student financial support coordinator,43
technical communicator,43
market vendor,44
injection moulding operator,44
instructional designer,44
desalination technician,44
ICT network administrator,44
gunsmith,44
biology lecturer,44
communication scientist,44
toilet attendant,44
physicist,44
ICT product manager,45
coating machine operator,45
security alarm investigator,45
groundsman/groundswoman,45
petroleum pump system operator,45
pump operator,45
civil engineering worker,45
overhead line worker,45
welding coordinator,45
call centre quality auditor,45
pipeline compliance coordinator,45
video and motion picture director,45
manufacturing facility manager,45
insulating tube winder,45
motor vehicles parts advisor,46
microsystem engineer,46
chief technology officer,46
ICT system tester,46
hotel butler,46
ICT resilience manager,46
airport director,46
freight transport dispatcher,46
cable jointer,46
cargo vehicle driver,46
crane technician,46
liquid fuel engineer,46
economic adviser,47
bus driver,47
dangerous goods safety adviser,47
telephone switchboard operator,47
marine mechanic,47
cultural centre director,47
career guidance advisor,47
payroll clerk,47
bioinformatics scientist,47
legal policy officer,48
hazardous materials inspector,48
wedding planner,48
industrial waste inspector,48
avionics inspector,48
lean manager,48
V-belt finisher,48
stevedore superintendent,48
construction painting supervisor,48
assistant video and motion picture director,48
linguist,48
football coach,49
ICT system architect,49
sporting and outdoor accessories shop manager,49
chemical processing supervisor,49
thermal engineer,49
branch manager,49
aircraft maintenance engineer,49
social service consultant,49
water treatment systems operator,49
volunteer manager,50
green ICT consultant,50
corporate lawyer,50
ICT system analyst,51
security guard,51
admissions coordinator,51
electronics production supervisor,51
promotion manager,51
membership administrator,51
tourism policy director,51
onshore wind energy engineer,51
hazardous waste technician,51
materials handler,51
aircraft fuel system operator,51
chief ICT security officer,51
metal products assembler,52
copy editor,52
online sales channel manager,52
civil enforcement officer,52
process metallurgist,52
intermodal logistics manager,52
distribution manager,52
extra,52
radiation protection officer,52
ICT help desk manager,52
microsystem engineering technician,52
energy conservation officer,52
container equipment design engineer,53
massage therapist,53
life guard,53
fisheries adviser,53
shop supervisor,53
"mining, construction and civil engineering machinery distribution manager",54
academic advisor,54
geology technician,54
international student exchange coordinator,54
laundry workers supervisor,55
healthcare specialist lecturer,55
food technician,55
marine electronics technician,55
industrial designer,55
file clerk,55
nurse responsible for general care,56
biochemical engineer,56
public administration manager,56
automotive engineer,56
ICT system integration consultant,56
tunnel boring machine operator,56
relationship banking manager,57
hospitality establishment security officer,57
kitchen porter,57
analytical chemist,57
environmental education officer,57
carpenter supervisor,57
legal service manager,58
electromagnetic engineer,58
onshore wind farm technician,58
public affairs consultant,59
building materials shop manager,59
drill operator,59
domestic electrician,59
sport facility manager,59
agricultural technician,59
mechatronics engineering technician,60
hydrologist,60
foundry manager,60
labour relations officer,60
bindery operator,60
industrial assembly supervisor,61
underground heavy equipment operator,61
energy trader,61
bodyguard,61
product and services manager,61
recreational facilities manager,61
marine engineering technician,61
aircraft maintenance technician,61
electronic equipment inspector,61
mine planning engineer,61
prepress operator,62
ICT account manager,62
dredging supervisor,63
corrugator operator,63
construction scaffolding supervisor,63
distillation operator,63
stonemason,63
food safety inspector,63
move coordinator,63
nuclear engineer,64
oil refinery control room operator,64
computer hardware engineer,64
economic policy officer,65
hospitality revenue manager,65
sales processor,65
horticulture production manager,65
software manager,65
chemical processing plant controller,65
tax advisor,65
industrial electrician,66
forge equipment technician,66
retail department manager,66
pest management worker,66
rotating equipment mechanic,66
fluid power technician,67
chemical manufacturing quality technician,67
specialised seller,67
butcher,67
employment and vocational integration consultant,67
hydrogenation machine operator,67
pharmaceutical quality specialist,67
welding engineer,68
mine shift manager,68
pastry chef,68
credit manager,68
laundry and dry cleaning manager,68
ammunition assembler,68
earth science lecturer,68
enterprise development worker,68
product development manager,68
interior architect,68
landfill supervisor,68
programme funding manager,68
fitness instructor,68
medical laboratory manager,69
aircraft maintenance coordinator,70
architecture lecturer,70
public procurement specialist,70
call centre analyst,70
pastry maker,70
mechanical engineering drafter,70
consumer goods inspector,70
billing clerk,71
art director,71
air pollution analyst,71
marine biologist,71
trade development officer,72
ICT presales engineer,72
environmental health inspector,72
event manager,72
laundry worker,72
armed forces training and education officer,72
electric meter technician,73
synthetic materials engineer,73
ICT quality assurance manager,73
youth programme director,73
power plant control room operator,74
laundromat attendant,75
purchase planner,75
property developer,75
social services policy officer,75
shipping agent,75
pricing specialist,75
gas distribution engineer,75
road maintenance technician,76
energy analyst,76
transport equipment painter,76
mobility services manager,76
healthcare consultant,76
aviation safety officer,76
real estate manager,76
product quality controller,77
exploration geologist,77
bartender,77
hotel porter,77
radiation protection technician,77
data entry clerk,78
host/hostess,78
surface engineer,78
maternity support worker,78
information manager,79
telecommunications technician,79
air traffic safety technician,79
webmaster,79
flight operations officer,79
marketing assistant,80
embedded systems security engineer,80
electromechanical engineering technician,80
building electrician,80
ICT security engineer,80
geneticist,80
specialist biomedical scientist,81
corporate trainer,81
water quality analyst,81
hotel concierge,81
building cleaner,81
restaurant host/restaurant hostess,81
computer hardware repair technician,82
forestry technician,82
waste treatment engineer,83
welding inspector,83
architectural drafter,84
conservator,84
sales support assistant,84
public health policy officer,84
mail clerk,85
equality and inclusion manager,86
electricity distribution technician,86
test engineer,86
telecommunications manager,86
online community manager,87
user interface developer,87
water plant technician,87
motor vehicle shop manager,88
aviation ground systems engineer,88
electronics engineer,88
port coordinator,88
venue director,88
security consultant,88
political affairs officer,88
locksmith,88
second officer,89
case administrator,89
predictive maintenance expert,89
instrument technician,89
natural resources consultant,90
telecommunication equipment shop manager,90
call centre supervisor,90
emergency medical dispatcher,90
audit supervisor,91
chemical production manager,91
renewable energy sales representative,91
call centre agent,91
tooling engineer,92
packaging production manager,92
climatologist,92
ship duty engineer,92
sterile services technician,92
economist,92
construction quality inspector,92
product development engineering technician,92
road construction supervisor,92
offshore renewable energy engineer,93
chemical plant control room operator,93
power distribution engineer,93
property acquisitions manager,93
household appliances repair technician,93
swimming facility attendant,93
corporate social responsibility manager,93
agronomist,94
passenger fare controller,94
moving truck driver,94
secretary,94
emergency ambulance driver,94
chief fire officer,95
maritime water transport general manager,96
performance production manager,97
geologist,98
communication infrastructure maintainer,98
automotive electrician,98
robotics engineer,99
ecologist,99
energy manager,100
head of higher education institutions,100
rental service representative in air transport equipment,100
gas service technician,101
reprographics technician,101
grants management officer,101
ICT project manager,101
pipeline environmental project manager,101
medical practice manager,102
power electronics engineer,102
fire inspector,102
cloud engineer,102
chief executive officer,103
specialised doctor,103
wire weaving machine operator,104
visual merchandiser,104
insurance risk consultant,105
ICT network engineer,105
bridge inspector,105
mine supervisor,106
humanitarian advisor,106
hearse driver,106
chemistry technician,106
travel agent,106
raw materials warehouse specialist,106
production engineering technician,106
brand manager,107
international relations officer,107
water network operative,108
environmental geologist,108
power lines supervisor,109
chemical application specialist,109
industrial quality manager,110
automotive engineering technician,110
concrete finisher supervisor,110
airport planning engineer,110
welder,111
agricultural scientist,111
spa attendant,112
budget analyst,112
assistant lecturer,112
market research analyst,112
research manager,112
nurse assistant,112
healthcare institution manager,112
calculation engineer,113
food production manager,113
soil scientist,113
rigging supervisor,113
lift installation supervisor,113
fuel station manager,113
industrial machinery mechanic,114
fire protection technician,114
recycling specialist,114
pipeline superintendent,115
policy officer,115
accounting analyst,115
food safety specialist,116
farm manager,117
economic development coordinator,118
pipe welder,118
industrial production manager,119
domestic cleaner,120
product manager,120
soil surveying technician,120
budget manager,120
fire service vehicle operator,120
security alarm technician,120
aircraft cargo operations coordinator,121
heating and ventilation service engineer,121
research and development manager,121
aviation inspector,121
process engineering technician,121
ICT consultant,121
chief operating officer,123
creative director,124
wash deinking operator,124
electromechanical engineer,125
kitchen and bathroom shop manager,125
medical sales representative,126
foreign affairs officer,127
enterprise architect,128
digital marketing manager,128
chief marketing officer,129
waste management supervisor,129
construction safety inspector,129
human resources assistant,129
chemistry lecturer,130
accounting assistant,130
gas production engineer,130
automation engineering technician,131
instrumentation engineering technician,131
interior designer,131
waste management officer,131
drainage engineer,132
alternative fuels engineer,132
electrical equipment production supervisor,133
water systems engineering technician,134
security guard supervisor,134
microbiologist,135
chemist,135
geophysicist,136
zoo section leader,136
software analyst,136
rooms division manager,137
marketing consultant,138
environmental technician,139
ship captain,139
integration engineer,139
business consultant,139
ICT operations manager,139
irrigation technician,140
ICT system administrator,140
investment analyst,141
police inspector,143
employment programme coordinator,143
business intelligence manager,144
public relations manager,146
public relations officer,148
sales assistant,148
firefighter,149
head of workshop,152
building inspector,152
vehicle cleaner,152
road transport division manager,152
customer experience manager,152
blender operator,153
compliance engineer,153
metal production supervisor,153
event electrician,153
specialist nurse,155
airport operations officer,156
head pastry chef,158
refinery shift manager,158
power production plant operator,158
agricultural policy officer,159
environmental scientist,160
regional development policy officer,161
asset manager,162
escort,163
purchaser,163
dependability engineer,165
avionics technician,165
talent agent,165
data analyst,165
substation engineer,166
barista,166
vessel operations coordinator,166
hospitality establishment receptionist,168
manufacturing manager,169
quick service restaurant team leader,169
transport planner,170
housing manager,170
electronics engineering technician,170
emergency response coordinator,171
drilling machine operator,171
business analyst,171
hospitality entertainment manager,172
department manager,172
wastewater engineer,172
microelectronics maintenance technician,173
solar power plant operator,173
camping ground operative,173
office equipment repair technician,175
business service manager,176
client relations manager,178
education programme coordinator,180
inventory coordinator,181
mechatronics engineer,182
community development officer,185
health and safety inspector,186
defence administration officer,186
public finance accountant,186
rptiteur,186
production designer,187
software developer,188
construction quality manager,189
chemical plant manager,193
fire prevention and protection engineer,193
data scientist,194
construction painter,195
corrosion technician,196
mine manager,197
consumer electronics repair technician,198
ICT technician,199
supply chain assistant,200
rail project engineer,201
equipment engineer,202
bank account manager,202
waiter/waitress,203
spa manager,204
agricultural engineer,206
transport engineer,207
communication manager,208
logistics engineer,211
manufacturing cost estimator,215
data centre operator,216
customer service representative,216
government planning inspector,219
automation engineer,221
financial analyst,223
electrical mechanic,225
accommodation manager,226
corporate training manager,228
ICT business development manager,228
landscape designer,229
receptionist,230
utilities inspector,231
vehicle maintenance supervisor,231
promoter,232
domestic housekeeper,233
procurement category specialist,236
renewable energy engineer,236
solar energy sales consultant,236
accounting manager,239
renewable energy consultant,240
after-sales service technician,242
police commissioner,243
purchasing manager,243
quality engineering technician,243
electrical equipment inspector,245
regulatory affairs manager,246
graphic designer,247
plumbing supervisor,248
security manager,249
engineering lecturer,249
university research assistant,250
corporate risk manager,251
scientific laboratory technician,252
room attendant,252
civil engineering technician,253
environmental policy officer,257
energy systems engineer,257
urban planner,258
lift technician,259
rotating equipment engineer,259
land surveyor,267
underwater construction supervisor,270
geological engineer,272
geographic information systems specialist,272
legal consultant,273
executive assistant,274
marketing manager,278
trade regional manager,279
shop manager,279
oil and gas production manager,280
procurement support officer,283
electric power generation engineer,286
energy engineer,286
telecommunications engineer,289
technical sales representative,292
water treatment plant manager,293
financial auditor,300
financial manager,303
energy consultant,305
marine engineer,306
water engineer,306
manufacturing engineer,306
commissioning technician,312
management assistant,317
financial controller,317
"heating, ventilation, air conditioning and refrigeration engineering technician",319
business manager,321
electrical engineering technician,322
industrial engineer,325
machine operator supervisor,331
recruitment consultant,334
occupational health and safety inspector,338
carpenter,338
office manager,346
construction equipment technician,348
research engineer,348
product quality inspector,355
production engineer,358
heating technician,363
construction safety manager,368
"heating, ventilation, air conditioning engineer",380
business developer,382
production supervisor,382
quantity surveyor,389
solar energy technician,391
power plant manager,392
design engineer,393
mine safety officer,400
materials engineer,403
supply chain manager,407
cost analyst,412
industrial maintenance supervisor,419
application engineer,419
plumber,420
mechanical engineering technician,422
warehouse manager,425
commercial director,429
environmental protection manager,442
chemical engineer,443
solar energy engineer,444
sales account manager,446
commercial sales representative,475
kitchen assistant,476
petroleum engineer,481
human resources officer,481
monitoring and evaluation officer,482
land planner,488
accountant,489
refrigeration air condition and heat pump technician,491
quality services manager,494
landscape architect,497
vehicle technician,498
administrative assistant,515
environmental programme coordinator,518
logistics analyst,521
procurement department manager,524
human resources manager,531
head chef,541
housekeeping supervisor,574
sales engineer,583
project support officer,617
technical director,623
document management officer,631
engineering assistant,634
contract engineer,643
construction general supervisor,653
programme manager,673
service manager,677
logistics and distribution manager,688
electrical supervisor,693
drilling engineer,716
steward/stewardess,726
electrician,738
strategic planning manager,750
contract manager,832
installation engineer,877
commissioning engineer,890
environmental expert,900
construction manager,900
sustainability manager,920
architect,942
marine chief engineer,985
sales manager,1030
instrumentation engineer,1051
restaurant manager,1069
quality engineer,1249
environmental engineer,1276
operations manager,1306
pipeline engineer,1342
facilities manager,1350
health and safety officer,1388
maintenance and repair engineer,1618
process engineer,1640
chef,1642
mechanical engineer,1690
civil engineer,2070
construction engineer,2227
electrical engineer,2308
health safety and environmental manager,2633
health and safety engineer,2758
project manager,4341
